"dx=2 over [-10,10]"
"sample size: 25, 3 trials"
intercepts
-0.93777806594,-0.142001447743,-0.298479883892,-0.146314275169
0.0,-0.468011872037,-0.641123785954,-0.476779597112
0.0,0.0,-0.138942931534,-0.625937419577
0.0,0.0,0.0,-0.48416044098
intercept errors
0.254525150232,0.186553773723,0.265194038819,0.177251232169
0.0,0.245558106896,0.179703410311,0.257315644349
0.0,0.0,0.0116121073026,0.163023429209
0.0,0.0,0.0,0.268312522327
